{"_type":"export","__export_format":4,"__export_date":"2022-06-04T10:01:19.358Z","__export_source":"insomnia.desktop.app:v2022.3.0","resources":[{"_id":"req_5e24ab84a1244bc883e24aa2bd53c285","parentId":"fld_cb50cc2b09724707998dfb0b6684c295","modified":1654331836894,"created":1651724660577,"url":"{{ _.url }}/operations","name":"list","description":"","method":"GET","body":{},"parameters":[],"headers":[],"authentication":{"type":"bearer","token":"{{ _.token }}"},"metaSortKey":-1650485994589.5,"isPrivate":false,"settingStoreCookies":true,"settingSendCookies":true,"settingDisableRenderRequestBody":false,"settingEncodeUrl":true,"settingRebuildPath":true,"settingFollowRedirects":"global","_type":"request"},{"_id":"fld_cb50cc2b09724707998dfb0b6684c295","parentId":"fld_cca15396f9304303aa2213098fdebf8b","modified":1651724653916,"created":1651724653916,"name":"operation","description":"","environment":{},"environmentPropertyOrder":null,"metaSortKey":-1651724653916,"_type":"request_group"},{"_id":"fld_cca15396f9304303aa2213098fdebf8b","parentId":"wrk_fa97f20b9bb3420f9361f119848d46ef","modified":1651284414695,"created":1651284375709,"name":"admin","description":"","environment":{},"environmentPropertyOrder":null,"metaSortKey":-1651284375709,"_type":"request_group"},{"_id":"wrk_fa97f20b9bb3420f9361f119848d46ef","parentId":null,"modified":1647574229998,"created":1647574229998,"name":"base-rbac-api","description":"","scope":"collection","_type":"workspace"},{"_id":"req_8b3b50814bd84451909101d58001a98f","parentId":"fld_eb24d19144ad423bb1bb8dc009203ffc","modified":1654331841205,"created":1654329857593,"url":"{{ _.url }}/resources","name":"list","description":"","method":"GET","body":{},"parameters":[{"id":"pair_f4e6cad50ae14763b9ed922712c5ec11","name":"page","value":"1","description":"","disabled":false},{"id":"pair_2c4445a035574158944f750527458ead","name":"per_page","value":"10","description":"","disabled":false},{"id":"pair_8de9146c1c3f4ed8ab47f247ace85509","name":"search","value":"operations","description":"","disabled":true}],"headers":[],"authentication":{"type":"bearer","token":"{{ _.token }}"},"metaSortKey":-1650854452841,"isPrivate":false,"settingStoreCookies":true,"settingSendCookies":true,"settingDisableRenderRequestBody":false,"settingEncodeUrl":true,"settingRebuildPath":true,"settingFollowRedirects":"global","_type":"request"},{"_id":"fld_eb24d19144ad423bb1bb8dc009203ffc","parentId":"fld_cca15396f9304303aa2213098fdebf8b","modified":1654329860327,"created":1654329857584,"name":"resource","description":"","environment":{},"environmentPropertyOrder":null,"metaSortKey":-1651414989084.375,"_type":"request_group"},{"_id":"req_94fac98cc2bb4eeb84d9767d3bc24f24","parentId":"fld_eb24d19144ad423bb1bb8dc009203ffc","modified":1654331636434,"created":1654329857614,"url":"{{ _.url }}/resources/a35d09d3-0e95-4ddb-993a-97dafbb75791","name":"show","description":"","method":"GET","body":{},"parameters":[],"headers":[],"authentication":{"type":"bearer","token":"{{ _.token }}"},"metaSortKey":-1650833603425.5,"isPrivate":false,"settingStoreCookies":true,"settingSendCookies":true,"settingDisableRenderRequestBody":false,"settingEncodeUrl":true,"settingRebuildPath":true,"settingFollowRedirects":"global","_type":"request"},{"_id":"req_9047a012d08f4a6292710c469d1104e8","parentId":"fld_eb24d19144ad423bb1bb8dc009203ffc","modified":1654331638836,"created":1654329857590,"url":"{{ _.url }}/resources","name":"store","description":"","method":"POST","body":{"mimeType":"application/json","text":"{\n\t\"name\": \"guests\",\n\t\"description\": \"guests resources\"\n}"},"parameters":[],"headers":[{"id":"pair_dd66100f047942e48c0c6d46d966255d","name":"Content-Type","value":"application/json","description":""}],"authentication":{"type":"bearer","token":"{{ _.token }}"},"metaSortKey":-1649247630908,"isPrivate":false,"settingStoreCookies":true,"settingSendCookies":true,"settingDisableRenderRequestBody":false,"settingEncodeUrl":true,"settingRebuildPath":true,"settingFollowRedirects":"global","_type":"request"},{"_id":"req_8aeb5f2b28954dd79514c03aba4ca75e","parentId":"fld_eb24d19144ad423bb1bb8dc009203ffc","modified":1654330794028,"created":1654329857607,"url":"{{ _.url }}/resources/208497c7-e219-4782-8c82-16df09686bb0","name":"edit","description":"","method":"PUT","body":{"mimeType":"application/json","text":"{\n\t\"name\": \"guests\",\n\t\"description\": \"guests resources\"\n}"},"parameters":[],"headers":[{"id":"pair_22b5067f8c344fdaac01d281ebc43ae2","name":"Content-Type","value":"application/json","description":""}],"authentication":{"type":"bearer","token":"{{ _.token }}"},"metaSortKey":-1649211916961.5,"isPrivate":false,"settingStoreCookies":true,"settingSendCookies":true,"settingDisableRenderRequestBody":false,"settingEncodeUrl":true,"settingRebuildPath":true,"settingFollowRedirects":"global","_type":"request"},{"_id":"req_94d99139872f442696f1235b58f8a0a2","parentId":"fld_eb24d19144ad423bb1bb8dc009203ffc","modified":1654330785264,"created":1654329857619,"url":"{{ _.url }}/resources/208497c7-e219-4782-8c82-16df09686bb0","name":"delete","description":"","method":"DELETE","body":{},"parameters":[],"headers":[],"authentication":{"type":"bearer","token":"{{ _.token }}"},"metaSortKey":-1649211916911.5,"isPrivate":false,"settingStoreCookies":true,"settingSendCookies":true,"settingDisableRenderRequestBody":false,"settingEncodeUrl":true,"settingRebuildPath":true,"settingFollowRedirects":"global","_type":"request"},{"_id":"req_02c0853724f6479a96af3d89c909d55f","parentId":"fld_a73b4a49658b49f7b0b8007f5e7d3fa3","modified":1654331885593,"created":1654252025422,"url":"{{ _.url }}/permissions","name":"list","description":"","method":"GET","body":{},"parameters":[{"id":"pair_f4e6cad50ae14763b9ed922712c5ec11","name":"page","value":"1","description":"","disabled":false},{"id":"pair_2c4445a035574158944f750527458ead","name":"per_page","value":"10","description":"","disabled":false},{"id":"pair_8de9146c1c3f4ed8ab47f247ace85509","name":"search","value":"","description":"","disabled":true}],"headers":[],"authentication":{"type":"bearer","token":"{{ _.token }}"},"metaSortKey":-1650854452841,"isPrivate":false,"settingStoreCookies":true,"settingSendCookies":true,"settingDisableRenderRequestBody":false,"settingEncodeUrl":true,"settingRebuildPath":true,"settingFollowRedirects":"global","_type":"request"},{"_id":"fld_a73b4a49658b49f7b0b8007f5e7d3fa3","parentId":"fld_cca15396f9304303aa2213098fdebf8b","modified":1654252030959,"created":1654252025412,"name":"permission","description":"","environment":{},"environmentPropertyOrder":null,"metaSortKey":-1651105324252.75,"_type":"request_group"},{"_id":"req_3dd9fb9f56374c329540cc1391ca81c9","parentId":"fld_a73b4a49658b49f7b0b8007f5e7d3fa3","modified":1654331892267,"created":1654252025425,"url":"{{ _.url }}/permissions/e536e539-6c0d-4c22-926d-f73fcebbbf6e","name":"show","description":"","method":"GET","body":{},"parameters":[],"headers":[],"authentication":{"type":"bearer","token":"{{ _.token }}"},"metaSortKey":-1650833603425.5,"isPrivate":false,"settingStoreCookies":true,"settingSendCookies":true,"settingDisableRenderRequestBody":false,"settingEncodeUrl":true,"settingRebuildPath":true,"settingFollowRedirects":"global","_type":"request"},{"_id":"req_ae0d8a5bce4b4b54a583845bfdcc7c82","parentId":"fld_a73b4a49658b49f7b0b8007f5e7d3fa3","modified":1654331734527,"created":1654252025418,"url":"{{ _.url }}/permissions","name":"store","description":"","method":"POST","body":{"mimeType":"application/json","text":"{\n\t\"resource_id\": \"938bcb84-ef23-49dc-8d2a-d340229860d8\",\n\t\"action\": \"ALLOW\",\n\t\"operations\": [\n\t\t\"c4b132c4-cc2c-4833-8655-fc3dbd35c498\"\n\t]\n}"},"parameters":[],"headers":[{"id":"pair_dd66100f047942e48c0c6d46d966255d","name":"Content-Type","value":"application/json","description":""}],"authentication":{"type":"bearer","token":"{{ _.token }}"},"metaSortKey":-1649247630908,"isPrivate":false,"settingStoreCookies":true,"settingSendCookies":true,"settingDisableRenderRequestBody":false,"settingEncodeUrl":true,"settingRebuildPath":true,"settingFollowRedirects":"global","_type":"request"},{"_id":"req_a2d1757e68ef4a4ca71bcab848c5a5a9","parentId":"fld_a73b4a49658b49f7b0b8007f5e7d3fa3","modified":1654331787811,"created":1654252025424,"url":"{{ _.url }}/permissions/ab5cc6c7-3fd5-4952-ad06-4c0576a70021","name":"edit","description":"","method":"PUT","body":{"mimeType":"application/json","text":"{\n\t\"resource_id\": \"938bcb84-ef23-49dc-8d2a-d340229860d8\",\n\t\"action\": \"ALLOW\",\n\t\"operations\": [\n\t\t\"c4b132c4-cc2c-4833-8655-fc3dbd35c498\",\n\t\t\"fa6e41d8-d8c1-44e2-94d2-9b271a5328a7\"\n\t]\n}"},"parameters":[],"headers":[{"id":"pair_22b5067f8c344fdaac01d281ebc43ae2","name":"Content-Type","value":"application/json","description":""}],"authentication":{"type":"bearer","token":"{{ _.token }}"},"metaSortKey":-1649211916961.5,"isPrivate":false,"settingStoreCookies":true,"settingSendCookies":true,"settingDisableRenderRequestBody":false,"settingEncodeUrl":true,"settingRebuildPath":true,"settingFollowRedirects":"global","_type":"request"},{"_id":"req_e201ca3f998a450dbf41e458baea7699","parentId":"fld_a73b4a49658b49f7b0b8007f5e7d3fa3","modified":1654252803851,"created":1654252025426,"url":"{{ _.url }}/permissions/c7169824-edaa-4103-8765-662b5c43df2e","name":"delete","description":"","method":"DELETE","body":{},"parameters":[],"headers":[],"authentication":{"type":"bearer","token":"{{ _.token }}"},"metaSortKey":-1649211916911.5,"isPrivate":false,"settingStoreCookies":true,"settingSendCookies":true,"settingDisableRenderRequestBody":false,"settingEncodeUrl":true,"settingRebuildPath":true,"settingFollowRedirects":"global","_type":"request"},{"_id":"req_2d1dafc8c920408a9cd433419b9ae725","parentId":"fld_cce60054b1be4507a5a71f10d54a98f7","modified":1654331930100,"created":1650854452841,"url":"{{ _.url }}/roles","name":"list","description":"","method":"GET","body":{},"parameters":[{"id":"pair_f4e6cad50ae14763b9ed922712c5ec11","name":"page","value":"1","description":"","disabled":false},{"id":"pair_2c4445a035574158944f750527458ead","name":"per_page","value":"10","description":"","disabled":false},{"id":"pair_8de9146c1c3f4ed8ab47f247ace85509","name":"search","value":"","description":"","disabled":true}],"headers":[],"authentication":{"type":"bearer","token":"{{ _.token }}"},"metaSortKey":-1650854452841,"isPrivate":false,"settingStoreCookies":true,"settingSendCookies":true,"settingDisableRenderRequestBody":false,"settingEncodeUrl":true,"settingRebuildPath":true,"settingFollowRedirects":"global","_type":"request"},{"_id":"fld_cce60054b1be4507a5a71f10d54a98f7","parentId":"fld_cca15396f9304303aa2213098fdebf8b","modified":1651368731303,"created":1649247335163,"name":"role","description":"","environment":{},"environmentPropertyOrder":null,"metaSortKey":-1649247335263,"_type":"request_group"},{"_id":"req_bec160e1e4964044a3557540b6cf3146","parentId":"fld_cce60054b1be4507a5a71f10d54a98f7","modified":1654331918936,"created":1650854491099,"url":"{{ _.url }}/roles/27526726-8e37-43e3-a2cd-edf14f630c53","name":"show","description":"","method":"GET","body":{},"parameters":[],"headers":[],"authentication":{"type":"bearer","token":"{{ _.token }}"},"metaSortKey":-1650833603425.5,"isPrivate":false,"settingStoreCookies":true,"settingSendCookies":true,"settingDisableRenderRequestBody":false,"settingEncodeUrl":true,"settingRebuildPath":true,"settingFollowRedirects":"global","_type":"request"},{"_id":"req_91bf153783244bbc9213fbccb00478a8","parentId":"fld_cce60054b1be4507a5a71f10d54a98f7","modified":1654323943058,"created":1649247630908,"url":"{{ _.url }}/roles","name":"store","description":"","method":"POST","body":{"mimeType":"application/json","text":"{\n\t\"slug\": \"NewRole\",\n\t\"description\": \"NewRole\",\n\t\"is_active\": \"true\",\n\t\"permissions\": [\n\t\t\"97fca1f0-c5f7-4643-be2a-e1a9232fd803\"\n\t]\n}"},"parameters":[],"headers":[{"id":"pair_dd66100f047942e48c0c6d46d966255d","name":"Content-Type","value":"application/json","description":""}],"authentication":{"type":"bearer","token":"{{ _.token }}"},"metaSortKey":-1649247630908,"isPrivate":false,"settingStoreCookies":true,"settingSendCookies":true,"settingDisableRenderRequestBody":false,"settingEncodeUrl":true,"settingRebuildPath":true,"settingFollowRedirects":"global","_type":"request"},{"_id":"req_5290e2e9d92246e5826ab0b20a45f13a","parentId":"fld_cce60054b1be4507a5a71f10d54a98f7","modified":1654323975010,"created":1650854478350,"url":"{{ _.url }}/roles/c7169824-edaa-4103-8765-662b5c43df2e","name":"edit","description":"","method":"PUT","body":{"mimeType":"application/json","text":"{\n\t\"slug\": \"NewRole Edit\",\n\t\"description\": \"NewRole Edit\",\n\t\"is_active\": false\n}"},"parameters":[],"headers":[{"id":"pair_22b5067f8c344fdaac01d281ebc43ae2","name":"Content-Type","value":"application/json","description":""}],"authentication":{"type":"bearer","token":"{{ _.token }}"},"metaSortKey":-1649211916961.5,"isPrivate":false,"settingStoreCookies":true,"settingSendCookies":true,"settingDisableRenderRequestBody":false,"settingEncodeUrl":true,"settingRebuildPath":true,"settingFollowRedirects":"global","_type":"request"},{"_id":"req_b507688afcfb427dae4f6cdb71bf9486","parentId":"fld_cce60054b1be4507a5a71f10d54a98f7","modified":1654252018508,"created":1650854578252,"url":"{{ _.url }}/roles/c7169824-edaa-4103-8765-662b5c43df2e","name":"delete","description":"","method":"DELETE","body":{},"parameters":[],"headers":[],"authentication":{"type":"bearer","token":"{{ _.token }}"},"metaSortKey":-1649211916911.5,"isPrivate":false,"settingStoreCookies":true,"settingSendCookies":true,"settingDisableRenderRequestBody":false,"settingEncodeUrl":true,"settingRebuildPath":true,"settingFollowRedirects":"global","_type":"request"},{"_id":"req_8cf48778123a47a2bf26fb6c2a0adef4","parentId":"fld_568ae343d0ea4bada740f19235be5ff3","modified":1654331924860,"created":1650812754010,"url":"{{ _.url }}/users","name":"list","description":"","method":"GET","body":{},"parameters":[{"id":"pair_8cb6491fe1ad40e3896a4ba7b4712812","name":"page","value":"1","description":""},{"id":"pair_dd4e8bf5ec104abcaceb244ff4e511ba","name":"per_page","value":"10","description":""},{"id":"pair_8f3124662d854390aa8354ce73f648cf","name":"search","value":"","description":""},{"id":"pair_61fb36403de1428f933dcba6859e7894","name":"","value":"","description":""}],"headers":[],"authentication":{"type":"bearer","token":"{{ _.token }}"},"metaSortKey":-1650812754010,"isPrivate":false,"settingStoreCookies":true,"settingSendCookies":true,"settingDisableRenderRequestBody":false,"settingEncodeUrl":true,"settingRebuildPath":true,"settingFollowRedirects":"global","_type":"request"},{"_id":"fld_568ae343d0ea4bada740f19235be5ff3","parentId":"fld_cca15396f9304303aa2213098fdebf8b","modified":1651284408024,"created":1649247328655,"name":"user","description":"","environment":{},"environmentPropertyOrder":null,"metaSortKey":-1649247335213,"_type":"request_group"},{"_id":"req_f9ecaea3f3884f33968fba968f9aa2e9","parentId":"fld_568ae343d0ea4bada740f19235be5ff3","modified":1653201292798,"created":1650841453814,"url":"{{ _.url }}/users/c81640e7-8321-49dd-b884-a18d10044f6a","name":"show","description":"","method":"GET","body":{},"parameters":[{"id":"pair_8cb6491fe1ad40e3896a4ba7b4712812","name":"page","value":"1","description":""},{"id":"pair_dd4e8bf5ec104abcaceb244ff4e511ba","name":"per_page","value":"20","description":""},{"id":"pair_8f3124662d854390aa8354ce73f648cf","name":"search","value":"ZX","description":""}],"headers":[],"authentication":{"type":"bearer","token":"{{ _.token }}"},"metaSortKey":-1650610687776,"isPrivate":false,"settingStoreCookies":true,"settingSendCookies":true,"settingDisableRenderRequestBody":false,"settingEncodeUrl":true,"settingRebuildPath":true,"settingFollowRedirects":"global","_type":"request"},{"_id":"req_431030d21d6c40de8638fec31d72104d","parentId":"fld_568ae343d0ea4bada740f19235be5ff3","modified":1653342781746,"created":1647583651342,"url":"{{ _.url }}/users","name":"store","description":"","method":"POST","body":{"mimeType":"application/json","text":"{\n\t\"first_name\": \"Rafael\",\n\t\"last_name\": \"Maia\",\n\t\"username\": \"rafael.maia\",\n\t\"email\": \"rafael.maia@email.com\",\n\t\"password\": \"rbac@202\",\n\t\"password_confirmation\": \"rbac@202\",\n\t\"roles\": [\"250ac3f0-348b-46b7-a794-c027790227a0\"]\n}"},"parameters":[],"headers":[{"id":"pair_b15259964c27406b86c304653b1d3052","name":"Content-Type","value":"application/json","description":""}],"authentication":{"type":"bearer","token":"{{ _.token }}"},"metaSortKey":-1649176203015,"isPrivate":false,"settingStoreCookies":true,"settingSendCookies":true,"settingDisableRenderRequestBody":false,"settingEncodeUrl":true,"settingRebuildPath":true,"settingFollowRedirects":"global","_type":"request"},{"_id":"req_69f73a9ada8945969819036e9feea33d","parentId":"fld_568ae343d0ea4bada740f19235be5ff3","modified":1653370006104,"created":1650849933264,"url":"{{ _.url }}/users/aaeba2f1-432d-4ab8-add6-97ea9d9863af","name":"edit","description":"","method":"PUT","body":{"mimeType":"application/json","text":"{\n\t\"first_name\": \"Gabriel\",\n\t\"last_name\": \"Maia\",\n\t\"username\": \"gabriel.maia\",\n\t\"email\": \"gabriel.maia1@email.com\",\n\t\"password\": \"123456\",\n\t\"password_confirmation\": \"123456\",\n\t\"roles\": [\n\t\t\"87752434-9c71-40a1-8378-5fc454c15998\",\n\t\t\"50230539-5f81-47ef-bf4c-e8dd5cc71170\",\n\t\t\"602e45d0-1847-4431-a551-f32d3873796f\"\n\t]\n}"},"parameters":[],"headers":[{"id":"pair_86d79156e827484fbc1d3e8273728cca","name":"Content-Type","value":"application/json","description":""}],"authentication":{"type":"bearer","token":"{{ _.token }}"},"metaSortKey":-1649176202965,"isPrivate":false,"settingStoreCookies":true,"settingSendCookies":true,"settingDisableRenderRequestBody":false,"settingEncodeUrl":true,"settingRebuildPath":true,"settingFollowRedirects":"global","_type":"request"},{"_id":"req_e66052966dcb4a7ab926e05d591e83a3","parentId":"fld_568ae343d0ea4bada740f19235be5ff3","modified":1653201254555,"created":1650850388199,"url":"{{ _.url }}/users/aaeba2f1-432d-4ab8-add6-97ea9d9863af","name":"delete","description":"","method":"DELETE","body":{},"parameters":[],"headers":[{"id":"pair_148b0e7c56a7448aab16863bcd0f1c0c","name":"Content-Type","value":"application/json","description":""}],"authentication":{"type":"bearer","token":"{{ _.token }}"},"metaSortKey":-1649176202915,"isPrivate":false,"settingStoreCookies":true,"settingSendCookies":true,"settingDisableRenderRequestBody":false,"settingEncodeUrl":true,"settingRebuildPath":true,"settingFollowRedirects":"global","_type":"request"},{"_id":"req_a9ebdd159fd14328bb1f932f90bfad42","parentId":"fld_e0e432e5bf6f4bb8ba308e08c0cabf55","modified":1654331932589,"created":1651374612082,"url":"{{ _.url }}/login","name":"login","description":"","method":"POST","body":{"mimeType":"application/json","text":"{\n\t\"uid\": \"root\",\n\t\"password\": \"rbac@2022\"\n}"},"parameters":[],"headers":[{"name":"Content-Type","value":"application/json","id":"pair_19c96d79b8014183861c917149ac6231"}],"authentication":{},"metaSortKey":-1651374612083,"isPrivate":false,"settingStoreCookies":true,"settingSendCookies":true,"settingDisableRenderRequestBody":false,"settingEncodeUrl":true,"settingRebuildPath":true,"settingFollowRedirects":"global","_type":"request"},{"_id":"fld_e0e432e5bf6f4bb8ba308e08c0cabf55","parentId":"wrk_fa97f20b9bb3420f9361f119848d46ef","modified":1651374604015,"created":1651374600985,"name":"user","description":"","environment":{},"environmentPropertyOrder":null,"metaSortKey":-1650123600902,"_type":"request_group"},{"_id":"req_7a38e99b9b814cd397085380e57a29d8","parentId":"wrk_fa97f20b9bb3420f9361f119848d46ef","modified":1650812198928,"created":1648962826095,"url":"{{ _.url }}/health","name":"health check","description":"","method":"GET","body":{},"parameters":[],"headers":[],"authentication":{},"metaSortKey":-1648962826095,"isPrivate":false,"settingStoreCookies":true,"settingSendCookies":true,"settingDisableRenderRequestBody":false,"settingEncodeUrl":true,"settingRebuildPath":true,"settingFollowRedirects":"global","_type":"request"},{"_id":"env_0eecef0cc8b1df1e0ff87296a18c61795d4f1067","parentId":"wrk_fa97f20b9bb3420f9361f119848d46ef","modified":1651374804335,"created":1647574230001,"name":"Base Environment","data":{"url":"http://127.0.0.1:3333","token":"{% response 'body', 'req_a9ebdd159fd14328bb1f932f90bfad42', 'b64::JC50b2tlbg==::46b', 'never', 60 %}"},"dataPropertyOrder":{"&":["url","token"]},"color":null,"isPrivate":false,"metaSortKey":1647574230001,"_type":"environment"},{"_id":"jar_0eecef0cc8b1df1e0ff87296a18c61795d4f1067","parentId":"wrk_fa97f20b9bb3420f9361f119848d46ef","modified":1647574230002,"created":1647574230002,"name":"Default Jar","cookies":[],"_type":"cookie_jar"},{"_id":"spc_3bc861aa805e4450bd478cb395aa3d54","parentId":"wrk_fa97f20b9bb3420f9361f119848d46ef","modified":1647574229998,"created":1647574229998,"fileName":"base-rbac-api","contents":"","contentType":"yaml","_type":"api_spec"},{"_id":"env_5ea7f7e6073949eea7d917d00ba74c76","parentId":"env_0eecef0cc8b1df1e0ff87296a18c61795d4f1067","modified":1651374817482,"created":1648962831650,"name":"develop","data":{"url":"http://127.0.0.1:3333","token":"{% response 'body', 'req_a9ebdd159fd14328bb1f932f90bfad42', 'b64::JC50b2tlbg==::46b', 'never', 60 %}"},"dataPropertyOrder":{"&":["url","token"]},"color":"#2a791b","isPrivate":false,"metaSortKey":1648962831650,"_type":"environment"},{"_id":"env_a6dc3aa942684756a2a573f340458de7","parentId":"env_0eecef0cc8b1df1e0ff87296a18c61795d4f1067","modified":1653205158579,"created":1648962833989,"name":"docker","data":{"url":"http://192.168.0.101:8080","token":"{% response 'body', 'req_a9ebdd159fd14328bb1f932f90bfad42', 'b64::JC50b2tlbg==::46b', 'never', 60 %}"},"dataPropertyOrder":{"&":["url","token"]},"color":"#152bd1","isPrivate":false,"metaSortKey":1648962833989,"_type":"environment"}]}